project_id,severity,tag,subtags,description,source
19000d572f72,High,Access Control,['Invalid Validation'],"In AxelarGatewayMultisig._execute(), the validation of signers uses _isSortedAscAndContainsNoDuplicate() which only checks for sorted order and duplicates, but does not validate that signers is non-empty. An empty signers array would pass this check and could allow execution without proper authorization.",llm
19000d572f72,High,Logic error,['State Update Inconsistency'],"In AxelarGatewayMultisig._execute(), the command execution sets _setCommandExecuted(commandId, true) before calling the command, then updates it to the actual success/failure result. If a command reverts during execution, the state is correctly updated to false, but there is a logical issue: the initial true setting prevents reentrancy but creates a window where isCommandExecuted() reports true for a failed command until the state is corrected.",llm
19000d572f72,Medium,Input Validation,['Missing Upper/Lower Bound Check'],"In AdminMultisigBase._setAdmins(), the function accepts arrays of admin addresses but does not validate that the arrays are non-empty or that threshold is reasonable relative to the admin count. While there is a check that adminLength >= threshold, there is no check that the threshold is at least 1 before being used, which could allow threshold to equal 0 in edge cases.",llm
19000d572f72,Medium,Access Control,['Invalid Validation'],"In AxelarGatewayMultisig._execute(), the authority checks for SELECTOR_TRANSFER_OWNERSHIP and SELECTOR_TRANSFER_OPERATORSHIP require areValidCurrentOwners, but this variable is only set to true when signerRole == Role.Owner. If signerRole is Role.Operator, areValidCurrentOwners remains false and the operation will be skipped, even if the current owners should be able to perform it.",llm
19000d572f72,Medium,Access Control,['Invalid Validation'],"In AxelarGatewaySinglesig._execute(), the authority checks for SELECTOR_TRANSFER_OWNERSHIP and SELECTOR_TRANSFER_OPERATORSHIP require isCurrentOwner, but this variable is only set when signerRole == Role.Owner. If signerRole is Role.Operator, isCurrentOwner remains false even if the signer is the current owner, preventing valid ownership transfer commands from executing.",llm
19000d572f72,Medium,Logic error,['Bad Condition'],"In AxelarGateway._burnTokenFrom() for TokenType.InternalBurnable, the function transfers tokens to depositAddress(bytes32(0)) and then calls BurnableMintableCappedERC20(tokenAddress).burn(bytes32(0)). However, the salt used for depositAddress generation should match the salt used in burn() to ensure the correct deposit address is targeted, and using bytes32(0) as a constant salt may not be the intended behavior.",llm
19000d572f72,Medium,Access Control,['State Update Inconsistency'],"In AdminMultisigBase.onlyAdmin(), the modifier clears all vote counts and voted flags at the end of execution. However, if the guarded function reverts, the state is still cleared by the modifier executing after the revert, which could leave the system in an inconsistent state where votes are lost but the operation failed.",llm
29aba850d512,High,Logic error,"['Invalid Validation', 'State Update Inconsistency']","In RedeemQueue.redeem(), when a user submits a redemption request, the function deducts fees from the shares but does not synchronize the totalPendingShares accounting with the fee deduction. The shares variable is reduced by fees (shares -= fees), but $.totalPendingShares += shares uses the already-reduced value, causing the internal accounting to be inconsistent with the actual shares submitted for redemption.",llm
29aba850d512,High,Logic error,['State Update Inconsistency'],"In RedeemQueue.claim(), when redeeming claimable requests, the function modifies batch.assets and batch.shares in storage within the loop (batch.assets -= assets_; batch.shares -= shares;). However, these modifications persist across iterations and can affect subsequent batch calculations if the same batch index is accessed again through a different timestamp, leading to incorrect asset and share allocations.",llm
29aba850d512,High,Arithmetic,"['Incorrect Formula', 'Precision Loss']","In RiskManager.convertToShares(), when converting negative asset values to shares, the function applies the price conversion directly: return -int256(Math.mulDiv(uint256(-value), report.priceD18, 1 ether)). This inverts the semantics of the conversion—it should divide by the price for negative values (to get shares) but the formula treats it symmetrically with positive conversions, causing incorrect negative share calculations for balance modifications.",llm
29aba850d512,High,Accounting Error,"['Incorrect Formula', 'State Update Inconsistency']","In RedeemQueue._handleReport(), the function calculates assets as Math.mulDiv(shares, 1 ether, priceD18), which assumes 1 ether shares = 1 asset unit when price is 1 ether. However, based on the Oracle interface comment that 'shares = (assets * priceD18) / 1e18', the correct conversion should be Math.mulDiv(shares, 1 ether, priceD18) for the reverse operation, but this yields assets when it should yield shares for consistency with the stated invariant, causing fundamental accounting misalignment.",llm
29aba850d512,Medium,Access Control,['Invalid Validation'],"In RedeemQueue.claim(), the function removes timestamps from callerRequests without verifying that the request actually belongs to the caller. The function retrieves (bool hasRequest, uint256 shares) from the mapping but then unconditionally calls callerRequests.remove(timestamp) even when hasRequest is false, allowing potential removal of non-existent or unrelated entries in the mapping.",llm
29aba850d512,Medium,Input Validation,"['Invalid Validation', 'Missing Upper/Lower Bound Check']","In Oracle.setSecurityParams(), the function validates that security parameters are non-zero but does not check that suspiciousAbsoluteDeviation <= maxAbsoluteDeviation or that suspiciousRelativeDeviationD18 <= maxRelativeDeviationD18. This allows invalid configurations where suspicious thresholds exceed rejection thresholds, making the deviation validation logic incoherent.",llm
29aba850d512,Medium,DoS,['Invalid Validation'],"In RedeemQueue.claim(), if a batch has shares == 0 (which could occur if all shares were previously claimed), the function will still attempt to call Math.mulDiv(shares, batch.assets, batch.shares), which divides by zero (batch.shares == 0), causing a revert and preventing users from claiming any subsequent requests in the same transaction.",llm
29aba850d512,Medium,Logic error,['Bad Condition'],"In RiskManager.modifyVaultBalance() and modifySubvaultBalance(), the limit check only applies when shares > 0 (shares > 0 && newBalance + $.pendingBalance > $.vaultState.limit). This asymmetric validation allows negative balance modifications to potentially underflow without proper bounds checking, violating the invariant that balances should remain within defined limits.",llm
2cceea6fb3e4,High,Reentrancy,['Violating CEI / Missing nonReentrant'],"In the `_safeTransferFrom` function, the NFT transfer is executed before the onERC721Received callback is invoked. If the recipient is a contract, it can re-enter through other functions like `acceptTrade` or `mint` before the callback completes, allowing manipulation of contract state.",llm
2cceea6fb3e4,High,Access Control,['Invalid Validation'],"In the `acceptTrade` function, the taker parameter is not validated to be non-zero when offer.taker != address(0). A malicious maker can craft an offer with taker set to any address (including the deployer), but msg.sender can still accept it if they match offer.taker, allowing unauthorized ETH transfers.",llm
2cceea6fb3e4,High,Logic error,['Bad Condition'],"In the `randomIndex` function, the nonce increment uses `nonce.add(1)` but does not assign the result back to nonce: `nonce.add(1)` returns a value without modifying nonce. This means nonce never increments, making the randomness predictable and repeatable across mints.",llm
2cceea6fb3e4,High,ERC721,['Violating CEI / Missing nonReentrant'],"In the `safeTransferFrom` and `_safeTransferFrom` functions, state changes (via `_transfer`) occur before the external callback (`onERC721Received`) is executed, violating the Checks-Effects-Interactions pattern and enabling reentrancy attacks.",llm
2cceea6fb3e4,Medium,Input Validation,['Missing Upper/Lower Bound Check'],"In the `getPrice` function, there is no explicit validation that `saleStartTime` is set before calculating `elapsed`. If `startSale` is never called, `saleStartTime` remains 0 and calculations will be incorrect, returning inaccurate prices.",llm
2cceea6fb3e4,Medium,DoS,['State Update Inconsistency'],"In the `acceptTrade` function, if the `_transfer` call fails for any maker or taker token, the function will revert after already deducting ETH from balances. This leaves user funds stuck in the contract with no recovery mechanism.",llm
2cceea6fb3e4,Medium,Logic error,['Implementation Error'],"The `tokenByIndex` function in Enumerable section requires `index > 0 && index < TOKEN_LIMIT`, but the contract's token IDs are generated via `randomIndex()` which returns values in the range [1, TOKEN_LIMIT]. However, this enumerable function doesn't verify the token actually exists (idToOwner[index] != address(0)), allowing invalid token queries.",llm
2cceea6fb3e4,Medium,Accounting Error,['State Update Inconsistency'],"In the `acceptTrade` function, ETH balance updates occur before NFT transfers. If an NFT transfer fails (via `_transfer`), the ETH balances remain modified while no tokens were exchanged, causing a mismatch between recorded balances and actual asset ownership.",llm
2cceea6fb3e4,Low,ERC721,['Not EIP Compliant'],"The `approve` function lacks a check to prevent approving the token owner: `require(_approved != tokenOwner)` has no error message and the condition does not revert, making the function non-compliant with ERC721 best practices for clarity.",llm
2cceea6fb3e4,Low,Input Validation,['Invalid Validation'],"In the `balanceOf` function, the require statement `require(_owner != address(0))` is present but provides no error message, and the check doesn't prevent querying zero address semantically; it just reverts silently.",llm
33f83c1b20b8,High,Access Control,"['Arbitrary Add/Remove/Set/Call', 'Invalid Validation']","The `getBody()` function in CuteBody.sol allows any caller to arbitrarily change the owner of any Body NFT without any ownership or authorization checks. There is no verification that `msg.sender` is the current owner of the body or has permission to transfer it, enabling unauthorized ownership transfers.",llm
33f83c1b20b8,Medium,Input Validation,"['Invalid Validation', 'Missing Upper/Lower Bound Check']","The `createBody()` function accepts an empty string for `_color` without any validation. While not a critical security flaw, the lack of input validation for the color parameter may lead to inconsistent state or unexpected behavior if empty or malicious strings are stored.",llm
347d893744f1,High,Slippage,['Missing minOut / maxAmount'],"In StrategyPassiveManagerUniswap._mintPosition (Velodrome version), the INftPositionManager.MintParams are created with amount0Min and amount1Min set to 0, providing no slippage protection when minting liquidity positions.",llm
347d893744f1,High,Logic error,['Bad Condition'],"In StrategyPassiveManagerVelodrome._addLiquidity, the alternative position is only minted if 'liquidity > 0 && (amount0 > 0 || amount1 > 0)' but the main position requires 'liquidity > 0 && amountsOk', creating inconsistent conditions that could leave the alt position uninitialized when amounts are imbalanced.",llm
347d893744f1,High,Accounting Error,['State Update Inconsistency'],"In StrategyPassiveManagerUniswap.balances(), unharvested fees are subtracted from the total balance calculation, but in StrategyPassiveManagerVelodrome.balances(), unharvested fees are not subtracted, creating an inconsistency in how fee accounting is handled between the two strategy implementations.",llm
347d893744f1,Medium,Input Validation,['Missing Upper/Lower Bound Check'],"In StrategyPassiveManagerUniswap.setDeviation and StrategyPassiveManagerVelodrome.setDeviation, the maxTickDeviation is only checked against an upper bound (4 * tickSpacing) but there is no lower bound check, potentially allowing a value of 0 which could disable the calm period check.",llm
347d893744f1,Medium,Logic error,['Invariant Violation'],"In BeefyVaultConcLiq.deposit and BeefyVaultConcLiq.withdraw, the balances() call uses stale balance data because _after0 and _after1 are captured before strategy.deposit() is called, but the actual token amounts transferred to strategy are not accounted for correctly in the deposit flow.",llm
347d893744f1,Medium,ERC20,['Missing Return Check'],"In StrategyPassiveManagerVelodrome._chargeFees, the VeloSwapUtils.swap function result is not validated, and out is only set if output != native, but if the swap fails or returns zero, nativeEarned calculation could be incorrect.",llm
347d893744f1,Medium,Oracle,['Stale Value'],"In StrategyPassiveManagerUniswap.twap and StrategyPassiveManagerVelodrome.twap, the TWAP calculation relies on observe() but does not validate that the pool has sufficient cardinality or that observations are initialized, potentially using stale or zero data.",llm
347d893744f1,Low,Arithmetic,['Rounding Error'],"In BeefyVaultConcLiq._getTokensRequired, the precision loss in division operations (e.g., '_bal0 * _price / PRECISION') may cause wei-level rounding errors in token calculations, especially with non-standard decimal tokens.",llm
347d893744f1,Low,Logic error,['Missing Functionality'],"In StrategyPassiveManagerVelodrome._addLiquidity, positions are deposited to the gauge only after all liquidity operations complete, but if _addLiquidity is called when positions already exist with nftId != 0, the function creates new positions without handling the old ones.",llm
347d893744f1,Low,Access Control,['Bypass Mechanism'],"In BeefyRewardPool.notifyRewardAmount, the onlyManager modifier checks whitelisted[msg.sender], but the whitelisted mapping can be modified by setWhitelist, and there is no mechanism to prevent a manager from removing themselves before a notification completes.",llm
37dd0c2e7de6,High,Logic error,['Bad Condition'],"In Pool._update(), the cumulativeBalancesRatio calculation uses cached balances that may be stale. When timeElapsed > 0, the function multiplies scaledFYTokenCached (based on old _fyTokenCached) by timeElapsed, but _fyTokenCached represents the previous block's cached value, not the current balance. This causes the TWAR accumulator to diverge from the actual price at the time the update occurred, compromising price integrity.",llm
37dd0c2e7de6,High,Arithmetic,['Precision Loss'],"In YieldMath.sol functions fyTokenOutForBaseIn, baseOutForFYTokenIn, fyTokenInForBaseOut, and baseInForFYTokenOut, the VAR constant (1e12) is subtracted from or added to results to account for logarithm imprecision. However, the subtraction/addition is unconditional and does not scale with the token decimals or magnitude of the result, leading to incorrect precision adjustments for tokens with non-standard decimals or very large/small amounts.",llm
37dd0c2e7de6,High,Input Validation,['Missing Upper/Lower Bound Check'],"In Ladle.serve(), the function passes art (amount of fyToken to borrow) directly to _pour() without validating that it respects the minimum debt dust limit defined in Cauldron. A user could borrow an amount below the dust threshold, violating the protocol's debt management invariants.",llm
37dd0c2e7de6,Medium,Logic error,['State Update Inconsistency'],"In Strategy.startPool(), the baseToPool calculation uses (baseBalance * baseInPool) / (baseInPool + fyTokenInPool), which rounds down, while fyTokenToPool is calculated as baseBalance - baseToPool, which rounds up. This asymmetry can cause the total deposited (baseToPool + fyTokenToPool) to exceed baseBalance if baseBalance is large relative to pool reserves, violating the invariant that total deposits should not exceed available funds.",llm
37dd0c2e7de6,Medium,Accounting Error,['State Update Inconsistency'],"In Ladle._pour(), when art > 0 (borrowing), a fee is calculated based on (series.maturity - block.timestamp) and added to the debt. However, if called multiple times in the same transaction or batch, each call recalculates the fee independently without accounting for previously accrued fees, potentially double-charging fees when multiple borrows are bundled.",llm
37dd0c2e7de6,Medium,Logic error,['Bad Condition'],"In Witch.buy(), the dust check `require (ink == balances_.ink || balances_.ink - ink >= ilk_.dust, 'Leaves dust')` allows leaving exactly zero dust, but the protocol's debt accounting in Cauldron.pour() requires that `balances_.art == 0 || balances_.art >= dust`. If a vault is liquidated leaving exactly dust amount of collateral, a future attempt to add debt may fail due to the minimum debt requirement, creating an inconsistent state.",llm
37dd0c2e7de6,Medium,Reentrancy,['Violating CEI / Missing nonReentrant'],"In FYToken.redeem(), the function calls join.exit() to transfer tokens before updating user state (burning fyTokens). Although it updates the supply via _burn after the external call, the brief window where balances are updated before the ERC20 transfer completes could expose the contract to reentrancy if the underlying token implements hooks (e.g., ERC777).",llm
37dd0c2e7de6,Medium,Access Control,['Centralization Risk'],"In Pool.setParameter(), the owner can unilaterally modify k, g1, and g2 parameters without any time lock, rate limits, or governance delay. This allows sudden changes to trading mechanics and slippage calculations that could harm users with pending transactions.",llm
37dd0c2e7de6,Low,Logic error,['Missing Functionality'],"In Ladle.batch(), after executing batched calls via delegatecall, the cachedVaultId is unconditionally deleted. However, if a batched call creates a vault via build() and then immediately uses it via another call, the cache deletion at the end may prevent subsequent batch operations from referencing the newly created vault, forcing users to explicitly pass the vaultId even though it was just created.",llm
37dd0c2e7de6,Low,Input Validation,['Invalid Validation'],"In Cauldron.build(), the requirement `require (ilks[seriesId][ilkId] == true, 'Ilk not added to series')` does not validate that the seriesId itself is non-zero or exists in the series mapping. While the error message will be misleading if an invalid seriesId is passed, a zero-valued seriesId could bypass this check if ilks mapping defaults are not properly initialized.",llm
4bea68ae8bc5,High,Access Control,['Missing Initialization'],"In Product.sol, the initialize() function does not verify that the caller is the Factory contract before initializing critical state. While UFactoryProvider__initialize is called with msg.sender, there is no validation that msg.sender is actually the Factory, allowing any caller to initialize the product with an arbitrary provider.",llm
4bea68ae8bc5,High,Accounting Error,['State Update Inconsistency'],"In Product.sol's settleAccountInternal() function, the order of operations creates a state inconsistency: incentivizer.syncAccount() is called after accumulator syncTo() but before position settlement. If incentivizer.syncAccount() modifies state based on the pre-settlement position, this creates a mismatch where the incentivizer sees position state that hasn't yet been settled.",llm
4bea68ae8bc5,High,Logic error,['Invalid Validation'],"In Collateral.sol's liquidate() function, the liquidation fee calculation uses UFixed18Lib.min(totalCollateral, totalMaintenance.mul(liquidationFee)), but there is no check that the fee does not exceed the total maintenance amount. If totalCollateral is very large, the fee could be incorrect, and the liquidated account's collateral could be improperly allocated.",llm
4bea68ae8bc5,High,Logic error,['Bad Condition'],"In PrePosition.sol's oracleVersionToSettle() function, the check 'if (next == 1) return current;' handles the case where oracleVersion is 0 (no pre position), but when next > current, it returns current instead of the next version. This causes settlements to be delayed by one version in certain conditions, affecting position settlement timing.",llm
4bea68ae8bc5,High,Accounting Error,['Incorrect Formula'],"In VersionedAccumulator.sol's accumulateShare() function, the accumulated share is calculated as elapsed / position size. However, if a position size becomes zero mid-period, this calculation will revert with a division-by-zero error, preventing any further settlements for that product.",llm
4bea68ae8bc5,Medium,Logic error,['State Update Inconsistency'],"In Incentivizer.sol's sync() function, programs are marked complete based on programInfo.isComplete(currentTimestamp), but the completion version is set to product.latestVersion() at that moment. If sync() is called multiple times in the same block, the version could be set inconsistently across calls, creating divergence in program completion states.",llm
4bea68ae8bc5,Medium,Accounting Error,['Invalid Validation'],"In Collateral.sol's settleAccount() function, negative amounts (Fixed18) are directly applied to the account balance via _products[product].settleAccount(account, amount). There is no validation that the resulting balance cannot go below zero in cases of unexpected state, potentially allowing accounts to have negative collateral balances.",llm
4bea68ae8bc5,Medium,Input Validation,['Missing Upper/Lower Bound Check'],"In Factory.sol's createProduct() function, the controllerId == 0 check prevents the default controller from creating products, but allowed[0] is checked without verifying that allowed[controllerId] is properly initialized. The logic 'if (!allowed[0] && !allowed[controllerId])' could allow uninitialized controllers to create products if allowed[0] is true.",llm
4bea68ae8bc5,Medium,Logic error,['Stale Value'],"In VersionedAccumulator.sol's accumulateFunding() function, the funding rate is calculated using provider.priceAtVersion(self.latestVersion), which is the price at the previous settlement version. If prices change significantly between versions, this introduces staleness in the funding calculation, potentially unfairly distributing funding costs.",llm
4bea68ae8bc5,Medium,Accounting Error,['Bad Condition'],"In Product.sol's settleInternal() function, when oracleVersionPreSettle == oracleVersionCurrent, the second accumulate and settle calls are skipped. However, this short-circuit could miss scenarios where the global position needs to be stamped even if there is no pre-position to settle, resulting in missing accumulator values for certain oracle versions.",llm
4bea68ae8bc5,Medium,Logic error,['Invalid Validation'],"In Program.sol's unsettled() function, the check 'if (userLatestVersion == 0) return (UFixed18Lib.ZERO, latestVersion);' assumes that version 0 always indicates uninitialized state. However, if a user's position is legitimately synced to version 0 in edge cases, rewards would be incorrectly zeroed out.",llm
4dd1b2af57b2,High,Input Validation,"['Invalid Validation', 'Missing Upper/Lower Bound Check']","In Mint.sol's _newLiquidity function, the require statement 'require(params.debtIn > params.assetIn, 'E516')' does not validate that debtIn and assetIn are positive non-zero values before performing calculations. Additionally, MintMath.givenNew is called without bounds checking on the computed yIncrease and zIncrease values, which could result in invalid pool state initialization.",llm
4dd1b2af57b2,High,Input Validation,"['Invalid Validation', 'Missing Upper/Lower Bound Check']","In Borrow.sol's _borrowGivenDebt function, the require statement 'require(params.debtIn > params.assetOut, 'E518')' enforces a relationship between debtIn and assetOut, but does not validate that assetOut is within acceptable bounds relative to pool reserves or that it is positive before being used in pair.givenDebt.",llm
4dd1b2af57b2,Medium,Logic error,"['Bad Condition', 'Invalid Validation']","In Lend.sol's _lendGivenBond function, the require statement 'require(params.bondOut > params.assetIn, 'E517')' checks the relationship between bondOut and assetIn, but the validation is applied after the pair.givenBond call in _lendGivenBond. The condition does not prevent scenarios where bondOut could be unreasonably large relative to pool state or assetIn.",llm
4dd1b2af57b2,High,Logic error,"['Implementation Error', 'State Update Inconsistency']","In TimeswapPair.sol's pay function, the loop updates due.debt and due.collateral directly without verifying that the sum of assetIn across all iterations matches the actual callback payment. If PayMath.checkProportional validation is insufficient, the pool state could become inconsistent with actual token transfers.",llm
4dd1b2af57b2,Medium,Access Control,"['Invalid Validation', 'Missing Functionality']","In TimeswapPair.sol's mint function, there is no mechanism to prevent or limit the protocol fee allocation to factory.owner(). An attacker or compromised factory could potentially claim disproportionate amounts of liquidity through the fee mechanism without bounds.",llm
4dd1b2af57b2,Medium,Input Validation,"['Hardcoded Parameter', 'Invalid Validation']","In Borrow.sol's _borrowGivenPercent function, the require statement 'require(params.percent <= 0x100000000, 'E505')' validates the percent parameter, but there is no lower bound check to prevent percent from being zero or extremely small, which could result in invalid debt/collateral ratios.",llm
4dd1b2af57b2,Medium,Input Validation,"['Hardcoded Parameter', 'Invalid Validation']","In Lend.sol's _lendGivenPercent function, the require statement 'require(params.percent <= 0x100000000, 'E505')' validates only the upper bound. A percent value of 0 could be passed, leading to zero yDecrease and zDecrease, which violates the subsequent pair.lend checks for xIncrease > 0 but not for meaningful state changes.",llm
4dd1b2af57b2,Medium,Accounting Error,"['Bad Condition', 'State Update Inconsistency']","In TimeswapPair.sol's pay function, collateral is transferred only if collateralOut > 0, but the pool state is updated regardless. If PayMath.checkProportional allows edge cases where collateralOut is zero but debt is repaid, the pool reserve accounting and actual collateral balance could diverge.",llm
4dd1b2af57b2,High,ERC20,"['Missing Return Check', 'State Update Inconsistency']","In TimeswapPair.sol's burn and borrow functions, safeTransfer is used for asset and collateral transfers, but there is no explicit check that the balances match expectations after the transfer. If safeTransfer fails silently or reverts, the state updates (reserves decrement) have already occurred, creating an inconsistency.",llm
4dd1b2af57b2,Medium,Logic error,"['Bad Condition', 'Missing Upper/Lower Bound Check']","In TimeswapConvenience.sol's timeswapMintCallback, timeswapLendCallback, and timeswapBorrowCallback functions, there is no validation that assetIn, collateralIn, or collateralIn are non-zero or within expected ranges before performing WETH deposits and transfers. This could allow callbacks with invalid amounts to execute.",llm
4dd1b2af57b2,Medium,Logic error,"['Invariant Violation', 'State Update Inconsistency']","In TimeswapPair.sol's lend function, pool.state.x, pool.state.y, and pool.state.z are updated after Callback.lend is invoked. If the callback reverts, the state updates do not occur, but if it partially succeeds before reverting, the pool could be left in an inconsistent state due to reentrancy or external call side effects.",llm
50015cf871a0,High,Logic error,"['Incorrect Parameter', 'Invalid Validation']","In LpIssuer._chargeFees(), when isWithdraw is true, baseSupply is set to 0 if supply <= deltaSupply, but this causes incorrect fee calculations. The function should calculate baseSupply as supply - deltaSupply only when supply > deltaSupply, otherwise it should handle the edge case properly. This leads to potential incorrect fee minting when a complete withdrawal occurs.",llm
50015cf871a0,High,Logic error,['Bad Condition'],"In LpIssuer._chargeFees(), the performance fee logic returns early if any token's lpPrice <= hwm, but it should continue checking all tokens. The early return at line prevents performance fee charging even when other tokens have appreciated, violating the intended fee structure where all tokens must appreciate for the fee to apply.",llm
50015cf871a0,Medium,Logic error,['State Update Inconsistency'],"In LpIssuer.deposit(), the function charges fees using pre-deposit TVL values (tvl) and post-deposit supply/token amounts, but _chargeFees uses baseTvl which is set to tvl directly for deposits. This creates an inconsistency where management fees are calculated on incorrect TVL values when deposits occur.",llm
50015cf871a0,Medium,Accounting Error,['Incorrect Formula'],"In LpIssuer._getLpAmount(), when supply == 0, the function returns max(amounts) as the initial LP amount. However, this doesn't account for existential amounts properly - tokens below their existential threshold should not be considered, creating incorrect initialization if one token is below existential but provided in large amounts.",llm
50015cf871a0,Medium,Logic error,['Invalid Validation'],"In LpIssuer._getBalancedAmount(), when tvl != 0 and amount < existential, the function requires tvl == 0, but this check is too strict. It prevents legitimate deposits where only one token amount is below existential, while the other tokens have normal TVL.",llm
50015cf871a0,Low,Input Validation,['Missing Upper/Lower Bound Check'],"In LpIssuerGovernance.stageDelayedStrategyParams(), management fee and performance fee are validated against max limits, but there is no check that they are non-negative or that the treasury addresses are not zero addresses before encoding.",llm
50015cf871a0,Medium,Access Control,['Invalid Validation'],"In Vault.reclaimTokens(), the function allows pulling reclaimed tokens to any destination if the caller is the protocol admin, but does not verify that the destination is a valid address or check if the tokens being reclaimed are actually vault tokens that shouldn't be reclaimed.",llm
50015cf871a0,Medium,Logic error,['Invalid Validation'],"In UniV3Vault.onERC721Received(), the function checks if the previous position has zero liquidity and zero tokensOwed before accepting a new position, but it transfers the old NFT to the 'from' address without verifying that 'from' is authorized or that this transfer is secure.",llm
529b81f6eb01,High,Accounting Error,['Fee On Transfer Token'],"In `CErc20.doTransferIn()`, the function calculates actual transferred amount using balance difference, which correctly handles fee-on-transfer tokens. However, in `Comptroller.mintAllowed()`, when checking supply cap for non-native assets, the function adds `mintAmount` to `nextTotalSupplies` without accounting for potential fees. If a fee-on-transfer token is used, the actual amount added to the market will be less than `mintAmount`, causing the supply cap check to be overly restrictive and potentially preventing legitimate mints.",llm
529b81f6eb01,High,Logic error,['State Update Inconsistency'],"In `Comptroller.mintAllowed()`, for native asset (cSonic), the code skips adding `mintAmount` to `nextTotalSupplies` with the comment 'Don't add mintAmount since cToken.getCashPrior() already includes it (double counting issue)'. However, `getCashPrior()` in CSonic returns `address(this).balance - msg.value`, which excludes the current transaction's value. This means native asset supply cap enforcement is incorrect, as the value being added is not properly accounted for in the cap calculation.",llm
529b81f6eb01,Medium,Input Validation,['Missing Upper/Lower Bound Check'],"In `BaseJumpRateModelV2.updateJumpRateModelInternal()`, the interest rate model parameters (`baseRatePerYear`, `multiplierPerYear`, `jumpMultiplierPerYear`) are not validated for upper bounds. Extremely large values could be set by the owner, causing overflow in interest rate calculations and leading to incorrect borrow/supply rates. The division by `timestampsPerYear` and `kink_` also lacks overflow/underflow protection.",llm
529b81f6eb01,Medium,DoS,['Out of Gas'],"In `Comptroller.exitMarket()`, the function iterates through `accountAssets[msg.sender]` to find and remove the exiting market. If a user has entered a very large number of markets, this iteration could consume excessive gas and potentially cause out-of-gas failures. An unbounded array growth without removal mechanism creates a DoS risk for users with many market memberships.",llm
529b81f6eb01,Medium,Access Control,['Centralization Risk'],"In `Comptroller`, the `pauseGuardian` role can pause minting and borrowing, but the pause can only be lifted by the admin. Additionally, the pause guardian can only pause operations (set state to true), but cannot unpause (set state to false) unless they are also the admin. This creates a potential centralization risk where the pause guardian could indefinitely halt market operations if administrative recovery is delayed.",llm
529b81f6eb01,Medium,Oracle,['Stale Value'],"In `API3Oracle.getPrice()`, the function calls `_getLatestPrice()` which reads from the API3 proxy but does not verify the freshness of the price data. There is no timestamp check or staleness validation. An outdated price from the API3 proxy could be used in critical lending decisions without detection, leading to incorrect liquidations or minting limits.",llm
529b81f6eb01,Medium,Arithmetic,['Precision Loss'],"In `BaseJumpRateModelV2.updateJumpRateModelInternal()`, the calculation `baseRatePerTimestamp = ((baseRatePerYear * BASE) / timestampsPerYear) / BASE` performs redundant division operations that could result in precision loss. The expression simplifies to `baseRatePerYear / timestampsPerYear`, but the double division may lose intermediate precision in fixed-point arithmetic.",llm
529b81f6eb01,Medium,Logic error,['Bad Condition'],"In `CErc20.mintAsCollateral()` and `CSonic.mintAsCollateral()`, after calling `mintInternal()`, the function checks if the user is already in the market using `comptroller.checkMembership()`. However, `mintInternal()` calls `comptroller.mintAllowed()` which may have already added the user to the market via `addToMarketInternal()` if they weren't already a member. This creates a race condition where the isCollateral check may be stale, potentially entering the market twice (though benign due to idempotency).",llm
529b81f6eb01,Low,ERC20,['Missing Return Check'],"In `CSonic.sweepToken()`, the function calls `token.transfer(admin, balance)` without checking the return value. If the token is non-standard and returns false on failure instead of reverting, the sweep could silently fail. However, this is mitigated by the fact that only whitelisted tokens are expected.",llm
529b81f6eb01,Low,Upgradeable,['Storage Gap'],"The `ComptrollerV2Storage` and related storage contracts do not include storage gaps for future upgrades. If new state variables are added to the Comptroller implementation in a future upgrade, they could overwrite storage slots used by derived contracts or create misalignment issues in the upgradeable proxy pattern.",llm
668a8ea1ed7c,High,Logic error,"['Invalid Validation', 'State Update Inconsistency']","In AmirX.stablecoinSwap(), the origin token amount is dynamically recalculated from the wallet balance difference only when defiSwap is executed and the origin is not an XYZ token. However, the initial stablecoin swap validation in _verifyStablecoin() uses the original ss.oAmount without accounting for this dynamic recalculation, causing the min/max supply limits checked to be based on incorrect amounts.",llm
668a8ea1ed7c,High,Access Control,['Asset Theft'],"In BridgeRelay.erc20Rescue(), the function uses a hardcoded OWNER_ADDRESS constant for authorization instead of a mutable owner state variable or proper access control pattern. This prevents ownership transfer and makes the rescue function permanently bound to the hardcoded address, potentially locking funds if the private key is lost.",llm
668a8ea1ed7c,High,ERC20,['Missing Return Check'],"In AmirX._feeDispersal(), the call to defi.plugin.increaseClaimableBy() checks the return value with require(), but no validation is performed on the referrer address or plugin address beyond null checks in _verifyDefi(). If the plugin contract is malicious or incorrectly implements the interface, the referral fee transfer could silently fail or be mishandled.",llm
668a8ea1ed7c,High,Logic error,['Invalid Validation'],"In StablecoinHandler.UpdateXYZ(), the function allows setting maxLimit and minLimit with only a check that maxLimit > minLimit, but does not validate that these limits are non-zero. This permits creating invalid token configurations with zero limits that could bypass intended supply constraints.",llm
668a8ea1ed7c,Medium,Input Validation,"['Bad Condition', 'Invalid Validation']","In AmirX.stablecoinSwap(), when executing defiSwap, the balance difference calculation (fBalance - iBalance) is used to override ss.oAmount only in the specific case where origin is not XYZ and target is XYZ. However, if the wallet's balance decreased due to other transfers during defiSwap execution, this could incorrectly represent the actual swap output.",llm
668a8ea1ed7c,Medium,Logic error,['State Update Inconsistency'],"In AmirX._feeDispersal(), TELCOIN tokens are transferred from the safe address to the contract (safeTransferFrom), then approval is set to 0 and increased for the plugin. However, there is no validation that the safe address actually contains the expected referralFee amount, potentially causing the transfer to fail silently or use insufficient funds.",llm
668a8ea1ed7c,Medium,Arithmetic,['Precision Loss'],"In StablecoinHandler.UpdateXYZ(), when checking maxLimit > minLimit, there is no consideration for the actual token decimals. Two tokens with different decimal places could have incompatible limit ranges, leading to unintended supply constraint behavior across different stablecoins.",llm
668a8ea1ed7c,Medium,Logic error,['Missing Functionality'],"In AmirX, the stablecoinSwap() function performs multiple sequential operations (swapAndSend, convertFromEXYZ, defiSwap, convertToEXYZ) but lacks any atomic guarantee or rollback mechanism. If one operation fails mid-execution, prior state changes are not reverted, potentially leaving the wallet and safe in inconsistent states.",llm
668a8ea1ed7c,Medium,Access Control,['Invalid Validation'],"In AmirX._verifyDefi(), validation of the plugin address only checks if it equals address(0) when a non-zero referrer is present. There is no additional validation that the plugin actually implements ISimplePlugin or is a trusted contract, allowing arbitrary contract calls in _feeDispersal().",llm
668a8ea1ed7c,Low,Logic error,['Bad Condition'],"In AmirX.defiSwap(), the wallet transaction is executed with value: 0 regardless of whether the swap involves native ETH. If walletData encodes a call that requires ETH but none is provided, the transaction will fail without clear indication that insufficient ETH was supplied.",llm
6a503b3dea2b,High,Logic error,"['Bad Condition', 'Implementation Error']","In the `deposit()` function, the logic is reversed: `savedAmount` is incremented by `_days` (a time parameter) and `savedDays` is incremented by `msg.value` (the ether amount). This causes the savings mechanism to track incorrect values, making `canIBuy()` return false even when sufficient ether has been deposited.",llm
6a503b3dea2b,High,Accounting Error,"['Implementation Error', 'State Update Inconsistency']","The `deposit()` function incorrectly assigns parameters to state variables: `_days` is added to `savedAmount` instead of `msg.value`, and `msg.value` is added to `savedDays` instead of tracking deposit duration. This creates a fundamental mismatch between actual deposits and recorded amounts, breaking the contract's accounting.",llm
727004c1c07c,High,Liquidation,['Invalid Validation'],"In CToken.liquidateBorrowNftFresh, the function verifies that the sum of seizeAmounts equals seizeTokens by subtracting from seizeTokens in a loop, but does not validate that seizeAmounts and seizeIds arrays are non-empty or that individual amounts are non-zero, potentially allowing zero-amount seizures or mismatched liquidations.",llm
727004c1c07c,High,Logic error,['State Update Inconsistency'],"In Comptroller.getHypotheticalAccountLiquidityInternal, the NFT collateral calculation at line multiplies nftOraclePrice by the raw collateral factor mantissa value instead of using the nftCollateralFactor Exp struct, causing inconsistent collateral value calculations compared to standard token assets.",llm
727004c1c07c,Medium,Input Validation,['Invalid Validation'],"In CToken.liquidateBorrowNftFresh, the check `require(seizeTokens == 0, 'LIQUIDATE_SEIZE_INCORRECT_NUM_NFTS')` occurs after decrementing seizeTokens in a loop without validating that the loop correctly processes all expected NFTs, potentially allowing liquidations to proceed with incorrect NFT counts.",llm
727004c1c07c,Medium,Liquidation,['Missing Functionality'],"In Comptroller.liquidateCalculateSeizeNfts, the NFT liquidation calculation uses only the liquidation incentive multiplier and borrowed asset price without accounting for any exchange rate or market-specific adjustments that standard token liquidation calculations include, creating inconsistent liquidation incentive application.",llm
727004c1c07c,Medium,Logic error,['Bad Condition'],"In Comptroller.getHypotheticalAccountLiquidityInternal, the condition checking if cAssetModify is the NFT market uses `address(asset) == cAssetModify` but assets in the loop are standard cTokens; this comparison can never be true for NFTs since NFT collateral is handled separately outside the loop, making the NFT redeem effect logic unreachable.",llm
8ce9aae8427c,High,Logic error,"['Implementation Error', 'State Update Inconsistency']","In StopLimit.sol's modifyOrder function, the direction field is recalculated at line 176-177 using the current exchange rate, but this happens after the order has already been modified with the new amount. This can cause inconsistency where the direction no longer matches the original order's intent if the exchange rate has moved since the order was created.",llm
8ce9aae8427c,High,Accounting Error,"['Implementation Error', 'State Update Inconsistency']","In OracleLess.sol's modifyOrder function, when decreasing position via line 268, the code uses `require(amountInDelta < order.amountIn, ""invalid delta"")` but should use `<=` instead. This allows amountInDelta to equal order.amountIn, resulting in newAmountIn being 0, which then fails the check at line 283 but leaves the order partially modified in an inconsistent state if called before that check.",llm
8ce9aae8427c,High,Input Validation,"['Bad Condition', 'Invalid Validation']","In Bracket.sol's execute function, the minAmountOut calculation at line 387-390 applies the fee adjustment, but then the actual swap validation at line 368 uses this fee-adjusted minimum. However, the comment at line 356 states the minimum should be calculated before fees, creating a logical inconsistency where the user's actual received amount after fees may be less than their intended minAmountOut if feeBips causes precision loss in the division at line 390.",llm
8ce9aae8427c,Medium,Arithmetic,"['Precision Loss', 'Rounding Error']","In Bracket.sol's getMinAmountReceivedAfterFee function (lines 440-448), the calculation `(minAmountOut * 10000) / (10000 - feeBips)` can result in rounding errors. If the division is not exact, the calculated minimum may be insufficient to guarantee the user receives minAmountOut after fee application due to integer division truncation.",llm
8ce9aae8427c,Medium,Logic error,['Bad Condition'],"In StopLimit.sol's fillStopLimitOrder function at lines 94-97, when swapOnFill is false, the swapPayload remains empty and tokenIn/tokenOut are not inverted. However, this means the resulting bracket order will use the original tokenIn/tokenOut pair with no initial swap, which may not align with the intended order semantics where a Stop Limit order should trigger a swap at the stop price before creating the bracket order.",llm
8ce9aae8427c,Medium,Access Control,['Invalid Validation'],"In AutomationMaster.sol's receive function (lines 58-69), the validation checks if msg.sender is one of the sub-contracts, but this check occurs after already accepting ETH. A malicious actor could send ETH to trigger the receive function, and if none of the sub-contract addresses are set (all are address(0)), the function would revert but the ETH would still be received and potentially locked.",llm
8ce9aae8427c,Medium,Accounting Error,['Fee On Transfer Token'],"In Bracket.sol's performUpkeep and OracleLess.sol's fillOrder functions, the fee calculation and transfer happens after the swap output is determined. If tokenOut is a fee-on-transfer token, the actual amount transferred to MASTER may be less than feeAmount due to the token's transfer fee, causing a discrepancy in fee accounting.",llm
8ce9aae8427c,Medium,Logic error,['Invalid Validation'],"In Bracket.sol's modifyOrder function at line 234, the check `require(amountInDelta <= order.amountIn, ""invalid delta"")` for decreasing position allows amountInDelta to equal the full order.amountIn. This would reduce the order to 0 amount, but the minOrderSize check at line 237 would catch this only if minOrderSize > 0. If minOrderSize is 0, a user could reduce their order to 0, creating an invalid state.",llm
8ce9aae8427c,Low,DoS,['State Update Inconsistency'],"In AutomationMaster.sol's generateOrderId function (lines 225-230), the nonce is incremented for each call, but if a user calls this function indirectly through order creation multiple times in the same block, and then their order fails or is cancelled, the nonce continues to increment. This doesn't break functionality but represents wasted nonce space that could theoretically lead to nonce exhaustion over very long periods.",llm
8ce9aae8427c,Low,Input Validation,['Missing Upper/Lower Bound Check'],"In AutomationMaster.sol, the setMaxPendingOrders function at line 184 accepts any uint16 value including 0. Setting maxPendingOrders to 0 would make it impossible to create any new orders, effectively bricking the protocol. There should be a check that maxPendingOrders > 0.",llm
9007dfde367e,High,Access Control,"['Arbitrary Add/Remove/Set/Call', 'Invalid Validation']","In AlchemistV2.sweepRewardTokens(), the function uses delegatecall to call msg.sender with arbitrary function selector. An attacker who is a keeper could craft malicious bytecode to execute arbitrary operations, leading to unauthorized fund transfers or system compromise.",llm
9007dfde367e,High,Slippage,['minOut set to 0'],"In TransmuterBuffer._alchemistDeposit(), depositUnderlying is called with minimumAmountOut hardcoded to 0, allowing slippage to occur without any protection against adverse price movements during wrapping of underlying tokens into yield tokens.",llm
9007dfde367e,Medium,Logic error,['Bad Condition'],"In TransmuterBuffer.depositFunds(), the condition checking if localBalance - amount < currentExchanged[underlyingToken] can incorrectly prevent legitimate deposits when the buffer has exchanged funds and receives more underlying tokens, as it assumes the invariant without proper accounting.",llm
9007dfde367e,Medium,Accounting Error,['State Update Inconsistency'],"In TransmuterV2.exchange(), the totalBuffered amount can accumulate from dust when state.distributeAmount > 0 after processing all ticks. This buffered amount may never be distributed if no more unexchanged tokens exist, causing permanent loss of exchanged tokens.",llm
9007dfde367e,Medium,Logic error,['Invalid Validation'],"In PoolAssetManager._burnTwoPoolTokens(), the minimumAmountOut calculation uses normalizedAmount which is already slippage-adjusted, then applies additional calculation without accounting for decimal differences properly. The formula normalizedAmount * get_virtual_price / CURVE_PRECISION may underflow or produce incorrect outputs for tokens with different decimals.",llm
966f040d9bc8,High,Accounting Error,['State Update Inconsistency'],"In the _updateGlobalExchangeRate() function, the global exchange rate is updated based on epochs elapsed, but the calculation does not account for the case when totalGlobalShares is 0. When no staking has occurred, the function skips the rate update, but subsequent stakes will use an outdated globalExchangeRate, causing early stakers to receive incorrect share quantities and affecting reward distribution fairness.",llm
966f040d9bc8,High,Logic error,['Bad Condition'],"In the unstake() function, when a validator is disabled (v.disabledEpoch != 0), the function skips updating totalGlobalShares and v.globalShares. However, the shares are still decreased from s.shares. This creates an inconsistency where global state is not synchronized with delegator state, leading to incorrect reward calculations for remaining stakers in _updateGlobalExchangeRate().",llm
966f040d9bc8,High,Logic error,['Invalid Validation'],"The unstake() function at line checking 'newValidatorStaked >= validatorMinStakedRequired' only validates when the program has not ended (endEpoch > block.number). After the program ends, a validator can unstake below the minimum stake requirement, violating the documented constraint that validators must maintain minimum stake.",llm
966f040d9bc8,High,Arithmetic,['Precision Loss'],"In _tokensToShares() and _sharesToTokens() functions, division operations can result in precision loss. For example, in _tokensToShares(), uint256(amount) * divider / uint256(rate) truncates the result. Repeated stake/unstake cycles amplify this loss, causing tokens to be unaccounted for in the system.",llm
966f040d9bc8,Medium,Logic error,['State Update Inconsistency'],"In the _redeemRewards() function, when a delegator redeems rewards from a disabled validator, the function still decreases totalGlobalShares and v.globalShares (lines checking v.disabledEpoch == 0). However, for disabled validators, these shares were already removed during the disableValidator() call, causing a double-decrement and corrupting global share tracking.",llm
966f040d9bc8,Medium,Input Validation,['Missing Upper/Lower Bound Check'],The setAllocatedTokensPerEpoch() function does not validate that the new emission rate is reasonable relative to existing locked rewards. An owner could set an extremely high emission rate that causes integer overflow in endEpoch calculation or leaves tokens permanently locked.,llm
966f040d9bc8,Medium,Logic error,['Incorrect Parameter'],"In the recoverUnstaking() function, there is no validation that the unstaking cooldown has been satisfied before allowing tokens to be restaked. A user could immediately restake tokens without waiting, bypassing the intended cooldown period.",llm
966f040d9bc8,Medium,Accounting Error,['Reward Manipulation'],"In _updateValidator(), the commission rate is applied to tokensGivenToValidator before distributing remaining tokens among validator shares. If a validator's commission rate is set to 100% (which should be prevented but the check only prevents >= divider), no tokens would be distributed to regular shares, causing reward miscalculation.",llm
966f040d9bc8,Medium,Logic error,['Bad Condition'],"In the stake() function, the max cap validation for delegators uses 'newDelegated = v.delegated - validatorStaked + amount', which assumes the delegated amount includes the validator's own stake. However, the documented max cap formula should only consider delegator stakes, not the validator's self-stake, creating an off-by-one error in cap enforcement.",llm
ac5c6d4a2ace,High,Logic error,"['Implementation Error', 'State Update Inconsistency']","In Comptroller.sol's refreshCompSpeedsInternal function, line 687 references `allMarkets[i]` in a loop, but earlier at line 683 the array is cached into `allMarkets_`. This inconsistency causes the loop to use the wrong array reference, potentially accessing stale or incorrect market data when computing COMP speeds.",llm
ac5c6d4a2ace,High,Access Control,['Arbitrary Add/Remove/Set/Call'],"In Comptroller.sol's _setCompAddress function (line 660), there is no input validation for the `_comp` parameter. An admin can set the COMP token address to an arbitrary contract, potentially pointing to a malicious token that could steal funds or disrupt the reward distribution system.",llm
ac5c6d4a2ace,High,Oracle,"['Invalid Validation', 'Stale Value']","In UniswapAnchoredView.sol's priceInternal function (lines 84-91), prices can be returned without updating if anchorPeriod has not elapsed and a price already exists. However, there is no explicit check that the existing price is not stale or zero, potentially allowing liquidations and operations to proceed with outdated pricing information.",llm
ac5c6d4a2ace,High,Logic error,['Missing Functionality'],"In CToken.sol, the doTransferOut method is declared as a virtual function but is never called with proper error handling in borrowFresh function (line 566). If doTransferOut reverts due to insufficient balance, the state (totalBorrows and accountBorrows) has already been updated, leaving the contract in an inconsistent state.",llm
ac5c6d4a2ace,Medium,Arithmetic,['Precision Loss'],"In Comptroller.sol's liquidateCalculateSeizeTokens function (lines 576-597), the calculation involves multiple divisions and multiplications that could result in precision loss due to truncation. The final result seizeTokens is computed via mulScalarTruncate, which may lose precision and cause the liquidator to receive fewer tokens than expected.",llm
ac5c6d4a2ace,Medium,Input Validation,['Missing Upper/Lower Bound Check'],"In Comptroller.sol's _setMarketBorrowCaps function (line 652), there is no validation that newBorrowCaps values are reasonable or non-zero. A cap of 0 is treated as unlimited, but there is no upper bound check, allowing potentially unrealistic borrow caps to be set.",llm
ac5c6d4a2ace,Medium,DoS,['State Update Inconsistency'],"In UniswapAnchoredView.sol's pokeWindowValues function (lines 192-209), if anchorPeriod is very large and the contract is frequently queried, the oldObservations timestamp may not be updated for extended periods. This creates a window where TWAP calculations could be manipulated if the anchorPeriod is artificially set.",llm
ac5c6d4a2ace,Medium,Logic error,['Bad Condition'],"In GovernorAlpha.sol's state function (line 141), the condition `proposal.forVotes <= proposal.againstVotes || proposal.forVotes < quorumVotes()` means a proposal is defeated if votes are equal OR below quorum. However, a proposal with equal votes (forVotes == againstVotes) should arguably be considered differently from one below quorum, potentially misrepresenting the actual voting outcome.",llm
ac5c6d4a2ace,Medium,Access Control,['Invalid Validation'],"In CToken.sol's approve function (line 85), there is no check to prevent approving to the zero address. This could allow a user to accidentally or maliciously approve the zero address, causing transferred tokens to become inaccessible.",llm
ac5c6d4a2ace,Medium,Pause,['Missing Functionality'],"In Comptroller.sol, the pause mechanism checks mintGuardianPaused, borrowGuardianPaused, and transferGuardianPaused in various functions, but there is no pause mechanism for the redemption function. An admin cannot pause redeems, potentially allowing forced withdrawals even during system emergencies.",llm
b30036fd8ad6,High,Input Validation,"['Invalid Validation', 'State Update Inconsistency']","In Visor.sol, the timeLockERC20() function uses `keccak256(abi.encodePacked(recipient, token, amount, expires))` as a key, but this key does not include the nonce or any unique identifier. Multiple timelocks with identical parameters (recipient, token, amount, expires) will collide and overwrite each other, violating the state machine that requires 'TimelockERC20 already exists' check to prevent duplicates.",llm
b30036fd8ad6,High,Input Validation,"['Invalid Validation', 'State Update Inconsistency']","In Visor.sol, the timeLockERC721() function uses `keccak256(abi.encodePacked(recipient, nftContract, tokenId, expires))` as a key. However, the emit statement calls `emit TimeLockERC20(...)` instead of the correct `TimeLockERC721` event, and the timeUnlockERC721() function has the same key collision vulnerability as timeLockERC20().",llm
b30036fd8ad6,High,Access Control,['Invalid Validation'],"In Visor.sol, the delegatedTransferERC20() function allows the owner to bypass the approval check with the condition `if(msg.sender != _getOwner())`. However, when the owner calls this function, they skip the approval validation entirely, creating an access control inconsistency where the function's purpose of restricting delegated transfers is undermined for the owner.",llm
b30036fd8ad6,High,Access Control,['Invalid Validation'],"In Visor.sol, the transferERC721() function allows the owner to bypass the NFT approval check with `if(msg.sender != _getOwner())`. When the owner calls this function, they bypass nftApprovals validation, defeating the intended purpose of the approval mechanism for ERC721 transfers.",llm
b30036fd8ad6,Medium,Logic error,"['Implementation Error', 'Invalid Validation']","In Visor.sol, the timeUnlockERC20() function checks `IERC20(token).balanceOf(address(this)) >= getBalanceLocked(token).add(amount)`, but does not remove the corresponding entry from the timelockERC20Keys[token] array. This causes the same timelock to potentially be claimable multiple times if the key is not properly deleted from the tracking array.",llm
b30036fd8ad6,Medium,ERC20,['Missing Return Check'],"In Visor.sol, the timeLockERC20() function calls `IERC20(token).transferFrom(msg.sender, address(this), amount)` via TransferHelper.safeTransferFrom(), but the return value is not verified. For non-standard ERC20 tokens that don't revert on failure, the lock could be created without actually receiving the tokens.",llm
b30036fd8ad6,Medium,Input Validation,['State Update Inconsistency'],"In Visor.sol, when getBalanceLocked() is called to calculate available balance for transferERC20() and delegatedTransferERC20(), it returns the maximum balance among all locks for a token. However, timelockERC20Balances[token] accounts for locked timelocks separately. This dual accounting can lead to double-counting locked amounts, incorrectly restricting token transfers.",llm
b30036fd8ad6,Medium,Logic error,['Bad Condition'],"In Visor.sol, the transferERC721() function iterates through timelockERC721Keys[nftContract] to check if an NFT is locked. However, when timeUnlockERC721() is called, it only deletes the timelock entry but does not remove the corresponding key from timelockERC721Keys[nftContract]. This causes the loop to check expired or deleted timelocks, leading to incorrect validation logic.",llm
b30036fd8ad6,Medium,Accounting Error,['State Update Inconsistency'],"In Visor.sol, the timeUnlockERC20() function removes an amount from timelockERC20Balances[token] but does not remove the corresponding key from timelockERC20Keys[token]. This leaves orphaned keys in the array, causing getTimeLockCount(address token) to return incorrect counts and leading to accounting inconsistencies.",llm
b30036fd8ad6,Low,Logic error,"['Does not match with Doc', 'Implementation Error']","In Visor.sol, the timeLockERC721() function emits `emit TimeLockERC20(recipient, nftContract, tokenId, expires)` but should emit `emit TimeLockERC721(...)`. This mismatch between the function name and emitted event type violates the specification and makes off-chain tracking of timelock events incorrect.",llm
bc50c508bb4d,High,Logic error,"['Implementation Error', 'State Update Inconsistency']","In MasterChefSmilee.emergencyWithdraw(), the function transfers `_userInfo.amount` which has just been set to 0 on the previous line, resulting in users receiving zero tokens during emergency withdrawal instead of their staked amount.",llm
bc50c508bb4d,High,Accounting Error,"['Implementation Error', 'State Update Inconsistency']","In MasterChefSmilee.deposit(), the rewardDebt calculation uses division by 1e12 which does not match the correct precision scaling used elsewhere in the contract (should use _ACC_TOKEN_PRECISION or consistent scaling), leading to incorrect reward debt tracking.",llm
bc50c508bb4d,High,Logic error,"['Bad Condition', 'Implementation Error']","In SimpleRewarderPerSec.onSmileeReward(), when isNative is true and pending > _balance, the function sends only _balance but the conditional logic for setting unpaidRewards uses the wrong balance variable reference, potentially miscalculating remaining rewards.",llm
bc50c508bb4d,Medium,Logic error,"['Invariant Violation', 'State Update Inconsistency']","In Vault._completeWithdraw(), the shares are burned from the vault address after the state is updated, but if the user had initiated multiple withdrawals, the withdrawal.epoch tracking may cause issues when completing subsequent withdrawals from different epochs.",llm
bc50c508bb4d,Medium,Input Validation,"['Bad Condition', 'Invalid Validation']","In DVP._mint() and DVP._burn(), the check for unbalanced smile positions `(amount.up > 0 && amount.down > 0) && (amount.up != amount.down)` only restricts calls from non-PositionManager addresses, but doesn't validate that balanced positions have equal amounts when both are non-zero.",llm
bc50c508bb4d,Medium,Logic error,"['Implementation Error', 'Incorrect Parameter']","In FinanceIGPrice.dTerms(), when params.s (price) is zero, the function reverts with PriceZero(). However, the function is called in scenarios where price could legitimately be zero or near-zero, causing unexpected reverts during certain market conditions.",llm
bc50c508bb4d,Medium,Arithmetic,"['Incorrect Formula', 'Precision Loss']","In SwapAdapterRouter._valueOut() and _valueIn(), the decimal adjustment logic using `dOut > dIn ? amountOut * 10 ** (dOut - dIn) : amountOut / 10 ** (dIn - dOut)` can cause precision loss when dividing, especially with tokens having significantly different decimal values.",llm
bc50c508bb4d,Medium,Logic error,"['Missing Functionality', 'State Update Inconsistency']","In Vault.rescueShares(), the function manually adjusts vault state by modifying withdrawal.epoch to epoch.previous and updating pendingWithdrawals, but this state manipulation bypasses the normal epoch roll logic and could cause inconsistencies if the vault state is queried during this operation.",llm
bc50c508bb4d,Medium,DoS,"['Implementation Error', 'Out of Gas']","In MasterChefSmilee.massUpdateVaults(), if the number of vaults becomes very large, the unbounded loop iterating through all vaults could exceed gas limits, preventing vault updates and causing a DoS condition.",llm
bc50c508bb4d,Low,Logic error,"['Bad Condition', 'Implementation Error']","In FeeManager._minFee(), the function returns 0 when block.timestamp > expiry, but this could cause issues if a sell trade happens at exactly the epoch boundary, as the fee structure changes between pre-expiry and post-expiry states.",llm
c192cb02636e,High,Logic error,['State Update Inconsistency'],"In Pool.swap(), the oracle is written with oracleCache.currentTick and oracleCache.baseL (cached at the start), but the pool state is updated with swapData.currentTick and swapData.baseL (which may change during the swap loop). This creates a state inconsistency where the oracle records stale tick/liquidity values instead of the final post-swap state, potentially leading to incorrect TWAP calculations.",llm
c192cb02636e,High,Accounting Error,"['Incorrect Formula', 'State Update Inconsistency']","In PoolTicksState._updateTick(), when liquidityGrossBefore == 0, the code unconditionally sets feeGrowthOutside and secondsPerLiquidityOutside to the current global values if tick <= tickCurrent. However, for ticks above the current tick, these should represent the 'outside' (future) accumulation, not the current global state. This causes incorrect fee and time accounting for positions that span across uninitialized ticks.",llm
c192cb02636e,High,Oracle,"['Implementation Error', 'Stale Value']","In Pool._syncFeeGrowth(), the function deducts government fees from rMintQty before updating feeGrowthGlobal, but feeGrowthGlobal should represent the actual fee growth earned by LPs (before government fee deduction). The current implementation causes feeGrowthGlobal to be systematically understated by the government fee amount, leading to LPs receiving fewer reinvestment tokens than entitled.",llm
c192cb02636e,High,Reentrancy,['Violating CEI / Missing nonReentrant'],"In Pool.flash(), the function transfers tokens before invoking the flashCallback and checks balances after. An attacker can use a reentrancy-enabled token to reenter Pool.swap() or other state-modifying functions before the flash fee is collected, potentially manipulating the pool state and extracting value.",llm
c192cb02636e,Medium,Logic error,"['Bad Condition', 'Incorrect Parameter']","In SwapMath.computeSwapStep(), the condition to set nextSqrtP to targetSqrtP uses `willUpTick == (swapData.nextSqrtP > limitSqrtP)`. When nextSqrtP equals limitSqrtP exactly, this evaluates incorrectly, potentially allowing the swap to overshoot the price limit if the comparison is not strict enough.",llm
c192cb02636e,Medium,Arithmetic,"['Precision Loss', 'Rounding Error']","In TicksFeesReader.getTotalFeesOwedToPosition(), when computing deltaL = FullMath.mulDivFloor(pos.rTokenOwed, reinvestL, rTotalSupply), the calculation rounds down. However, this represents the LP's share of reinvestment liquidity, and consistent rounding down may systematically underpay LPs their proportional share due to accumulated rounding loss across many positions.",llm
c192cb02636e,Medium,Input Validation,"['Invalid Validation', 'Missing Upper/Lower Bound Check']","In BasePositionManager.createAndUnlockPoolIfNecessary(), the function requires token0 < token1 but does not validate that currentSqrtP falls within valid bounds (MIN_SQRT_RATIO to MAX_SQRT_RATIO). An invalid currentSqrtP could initialize the pool in an inconsistent state.",llm
c192cb02636e,Medium,Logic error,"['Implementation Error', 'State Update Inconsistency']","In PoolTicksState._updatePoolData(), poolData.nearestCurrentTick is set using a ternary expression that compares nextTick > currentTick. However, nearestCurrentTick is used in _getInitialSwapData() to determine the next tick direction, and this assignment logic does not correctly track the nearest initialized tick in all edge cases, potentially causing incorrect swap routing.",llm
c9e8bb39a8ae,High,Arithmetic,['Precision Loss'],"In VirtualMultiToken._fromVirtual(), the assembly division `div(mul(sub(totalVirtual, virtualAmount), realTotal), totalVirtual)` performs integer division that rounds down, causing precision loss. When converting virtual amounts back to real amounts during withdrawals in PortfolioToken._subWithdraw(), this rounding favors the contract but can systematically reduce user withdrawals if the precision loss exceeds gas costs, as noted in the design documentation.",llm
c9e8bb39a8ae,High,Logic error,['State Update Inconsistency'],"In PortfolioToken._subWithdraw(), the code burns virtual tokens from the user before calculating the actual withdrawal amount. The calculation `uint amountToWithdraw = virtualAmount * tokensPerSystem[index]` uses the original virtualAmount (which represents LP tokens), but after burning, the user's real balance is already reduced. If the pool's balanceOf decreases between the burn and the withdrawal call, the actual tokens received may not match the virtual tokens burned, causing an inconsistency between the token accounting and actual asset transfers.",llm
c9e8bb39a8ae,Medium,DoS,['No Recovery Mechanism'],"In PortfolioToken.setPool(), once a pool is set at an index via `require(address(pools[index]) == address(0), 'Already exists')`, it cannot be updated or removed. If an incorrect pool is set or a pool becomes compromised, there is no mechanism to replace it, permanently locking the contract in an unusable state for that pool index.",llm
c9e8bb39a8ae,Medium,Accounting Error,['Precision Loss'],"In PortfolioToken.getEstimatedAmountOnDeposit(), when calculating `rewardsAmountSP` and `amountSP`, both perform integer division: `rewardsAmountSP = getRewardsAmount(index) / tokensPerSystem[index]` and `amountSP = amount / tokensPerSystem[index]`. This truncates small amounts, causing the state change calculation via PoolUtils.changeStateOnDeposit() to operate on imprecise values that do not reflect the actual deposit impact, leading to inaccurate estimates.",llm
c9e8bb39a8ae,Medium,Logic error,['Bad Condition'],"In PortfolioToken._subDepositRewardsPoolCheck(), the condition `if ((balance / tokensPerSystem[index]) > 0)` performs a division check that may allow very small amounts (less than tokensPerSystem[index]) to be silently ignored without being re-deposited into the pool. This creates a dust accumulation issue where contract token balance increases unbounded without being utilized, violating the expected behavior that all balance should be continuously re-deposited.",llm
c9e8bb39a8ae,Medium,Input Validation,['Missing Upper/Lower Bound Check'],"In VirtualMultiToken._transferIndex(), the calculation uses `Math.ceilDiv(virtualAmount * subVirtualBalance, totalVirtualBalance)` which always rounds up. This can cause the sum of individual sub-token transfers to exceed the total virtual amount being transferred, creating an imbalance where more tokens are moved than requested.",llm
d52ee365a168,High,Logic error,"['Bad Condition', 'State Update Inconsistency']","In Pool.sol's _beforeTokenTransfer function, the effectiveInterestWithdrawn calculation uses post-transfer balances (_fromBalance.sub(_amount)) and (_toBalance.add(_amount)), but this happens AFTER _withdrawRepayment is called. This creates a state inconsistency where the repayment withdrawal uses old balances while the effective interest calculation uses new balances, leading to incorrect interest tracking across token transfers.",llm
d52ee365a168,High,Arithmetic,"['Invalid Validation', 'Precision Loss']","In Pool.sol's cancelPool function at line 500, the penalty calculation involves multiple divisions: penalty = _cancelPenaltyMultiple.mul(poolConstants.borrowRate).div(10**30).mul(_collateralLiquidityShare).div(10**30).mul(_penaltyTime).div(365 days). Each division by 10**30 causes precision loss, and the assumption document acknowledges overflow issues in penalty calculations that have not been corrected.",llm
d52ee365a168,High,Liquidation,"['Invalid Validation', 'Invariant Violation']","In Pool.sol's liquidateForLender function, the collateral shares are subtracted from pool variables (_updateLenderSharesDuringLiquidation) before checking if the liquidator can actually complete the liquidation. If the subsequent _withdraw or other operations fail, the pool state becomes inconsistent with no recovery mechanism.",llm
d52ee365a168,High,Access Control,"['Bypass Mechanism', 'Invalid Validation']","In CreditLine.sol's depositCollateral function, the check 'require(creditLineConstants[_id].lender != msg.sender, 'lender cant deposit collateral')' prevents lenders from depositing, but there's no verification that the depositor is the borrower. Any address other than the lender can deposit collateral, including unauthorized third parties.",llm
d52ee365a168,High,Accounting Error,"['Invalid Validation', 'State Update Inconsistency']","In CreditLine.sol's _depositCollateralFromSavingsAccount function, when depositing from multiple strategies, the function calculates collateral shares per strategy in line: collateralShareInStrategy[_id][_strategy] = collateralShareInStrategy[_id][_strategy].add(_liquidityShares.mul(_tokensToTransfer).div(_tokenInStrategy)). This calculation can be inaccurate due to precision loss when _tokensToTransfer != _tokenInStrategy, causing collateral accounting errors.",llm
d52ee365a168,Medium,Input Validation,"['Invalid Validation', 'Missing Upper/Lower Bound Check']","In PoolFactory.sol's updateProtocolFeeFraction function, there is no validation that the protocol fee fraction is within reasonable bounds (e.g., not exceeding 100%). The same issue exists for liquidatorRewardFraction, allowing potentially invalid values like fractions greater than 10**30.",llm
d52ee365a168,Medium,Logic error,"['Bad Condition', 'Missing Functionality']","In Repayments.sol's isGracePenaltyApplicable function, the require statement 'require(_currentTime <= _gracePeriodDeadline, 'Borrower has defaulted')' reverts with an error about default instead of returning false. This breaks the intended view-like behavior and prevents callers from safely checking grace penalty applicability without reverting.",llm
d52ee365a168,Medium,Arithmetic,"['Precision Loss', 'Unsafe Downcast']","In Repayments.sol's repay function, amounts are multiplied by 10**30 at the beginning (_amount = _amount * 10**30) for precision, but the function then performs multiple subtractions that can underflow if deductions exceed the amount. Additionally, _updateRepaidAmount divides by 10**30 which may lose precision.",llm
d52ee365a168,Medium,ERC20,"['Invalid Validation', 'Missing Return Check']","In CompoundYield.sol's _depositERC20 function, the approval is set to amount without first resetting to 0. Some tokens may not allow increasing allowance without first resetting it to 0. While SafeERC20 is used, the pattern of approve(0) followed by approve(amount) is safer but not consistently applied.",llm
d52ee365a168,Medium,Access Control,"['Invalid Validation', 'State Update Inconsistency']","In Verification.sol's registerMasterAddress function, the same masterAddress can be registered with multiple verifiers, and unregistering from one verifier doesn't invalidate the address for others. Additionally, the linkedAddresses mapping doesn't track which verifier was used, creating potential inconsistencies when a masterAddress is unregistered by one verifier but the linked address still expects verification.",llm
d52ee365a168,Medium,DoS,"['Invalid Validation', 'Missing Functionality']","In SavingsAccount.sol's withdrawAll function for a specific strategy, if balanceInShares is 0, the function returns 0 without deleting the balance entry. However, if balanceInShares is non-zero but IYield returns 0 tokens, the function doesn't revert or handle this case properly, potentially leaving stale mappings.",llm
d52ee365a168,Medium,Input Validation,"['Incorrect Parameter', 'Invalid Validation']","In PriceOracle.sol's setUniswapFeedAddress function, there is no validation that the provided pool address actually contains the token pair (token1, token2). A malicious owner could set an incorrect pool address, causing getUniswapLatestPrice to return incorrect prices without detection.",llm
d52ee365a168,Low,Logic error,"['Does not match with Doc', 'Implementation Error']","In Pool.sol's _beforeTokenTransfer function, the comment states 'future interest repayment withdrawals are calculated based on 100 pool tokens' but the code assigns (_toBalance.add(_amount)) which is the NEW balance after transfer, not the original balance before transfer. This causes the explanation to not match the actual implementation.",llm
d52ee365a168,Low,Arithmetic,"['Incorrect Formula', 'Precision Loss']","In AaveYield.sol's getTokensForShares function, the calculation multiplies liquidityIndex and shares both with balanceOfUnderlying, then divides by current aToken balance. If the aToken balance is very small relative to scaledBalanceOf, precision loss occurs due to integer division in Solidity.",llm
d52ee365a168,Low,Input Validation,['State Update Inconsistency'],"In PriceOracle.sol, the uniswapPriceAveragingPeriod is initialized to 0 and never validated to be non-zero. Calling getUniswapLatestPrice with a 0 period would call OracleLibrary.consult with 0, which may cause unexpected behavior or revert depending on the Uniswap library implementation.",llm
d5aa11e316e7,High,Logic error,['Bad Condition'],"In StablesConverter.convert(), line checking `if (_output == address(_token)` is missing a closing parenthesis, causing a syntax error that prevents the contract from compiling.",llm
d5aa11e316e7,High,Access Control,['Arbitrary Add/Remove/Set/Call'],"In Manager.removeToken(), the function uses a TODO comment at line 'TODO: Verify added check' but proceeds to remove tokens without verifying the token was actually found before deletion, allowing potential removal of non-existent tokens and leaving orphaned state.",llm
d5aa11e316e7,Medium,Slippage,['Missing minOut / maxAmount'],"In BaseStrategy._swapTokens(), the deadline parameter is hardcoded to 1e10 (year 2286), and the minimum output is set to the expected amount without slippage protection, making swaps vulnerable to sandwich attacks and MEV manipulation.",llm
d5aa11e316e7,Medium,DoS,['Bad Condition'],"In Harvester.getEstimates(), the _path array is uninitialized before being accessed at indices 0 and 1, causing undefined behavior and potential runtime errors when this function is called.",llm
d5aa11e316e7,Medium,Logic error,['State Update Inconsistency'],"In MetaVault._stakeShares(), the function calls updateReward() and _getReward() before updating user.amount and user.yaxRewardDebt, but these reward calculations use the old balance state, potentially leading to incorrect reward calculations for the staker.",llm
d5aa11e316e7,Medium,Accounting Error,['State Update Inconsistency'],"In Controller.withdraw(), the balance tracking in _vaultDetails[msg.sender].balance is decremented by the full _amount, but if the controller cannot withdraw all requested funds from strategies, the actual withdrawn amount may be less, causing balance accounting to become incorrect.",llm
d5aa11e316e7,Low,Logic error,['Missing Functionality'],"In Harvester.getEstimates(), the function creates a new address array `_path` but never populates it with the route tokens before calling getAmountsOut(), resulting in a zero-length or uninitialized path being used for price calculations.",llm
edf1b6dd23d6,High,Access Control,['Arbitrary Add/Remove/Set/Call'],"In HardenedTopupProxy._bridgeAssetDirect(), the contract calls arbitrary addresses extracted from _bridgeTxData after only checking against trustedRegistryContract.isWhitelisted(). However, the whitelist is maintained by admins, and if an admin is compromised or acts maliciously, they can add malicious bridge addresses to the whitelist, allowing arbitrary calls with user funds and bridge token approval.",llm
edf1b6dd23d6,High,Slippage,['Missing minOut / maxAmount'],"In HardenedTopupProxy._processTopup(), when converting tokens via exchangeProxyContract.executeSwapDirect(), the contract relies only on _expectedMinimumReceived for slippage protection. However, this check occurs after the swap is executed in ExchangeProxy.executeSwapDirect(), and if the actual received amount is less than expected, the transaction will revert, but there is no protection against MEV manipulation of swap prices before the check.",llm
edf1b6dd23d6,High,Logic error,['Invalid Validation'],"In HardenedTopupProxy.checkAllowance(), the allowance validation allows amounts in the range [_amount, _amount * allowanceTreshold / 1e18). However, if allowanceTreshold is set to 0 by admin, this creates a division-by-zero condition implicitly, and more critically, the excessive allowance check can be bypassed if allowanceTreshold is misconfigured to a low value less than 1e18.",llm
edf1b6dd23d6,High,Input Validation,['Invalid Validation'],"In HardenedTopupProxy.CardTopupMPTProof(), the function recovers the signer from the transaction proof but only checks that ecsender == msg.sender. However, there is no validation that the approval was for the correct amount—the function only checks that current allowance >= _amount after recovering the transaction, allowing a user to provide an old approval for a different amount as long as current state permits the operation.",llm
edf1b6dd23d6,Medium,Accounting Error,['Fee On Transfer Token'],"In ExchangeProxy.executeSwapDirect() and HardenedTopupProxy._processTopup(), the code assumes that the amount transferred equals the amount specified in parameters. However, fee-on-transfer tokens will result in less actual balance received than the transfer amount, causing amountReceived calculations to be incorrect and potentially allowing the contract to transfer more tokens to the beneficiary than actually received from the swap.",llm
edf1b6dd23d6,Medium,Arithmetic,['Precision Loss'],"In HardenedTopupProxy._processTopup() for Synapse bridge, the minMint and minDy calculations use fixed percentages (95% and 91% respectively) without considering the actual swap slippage or bridge conditions. This hardcoded approach can cause transactions to fail if market conditions change, or alternatively, if the percentages are too loose, they provide insufficient protection against slippage.",llm
edf1b6dd23d6,Medium,Logic error,['Implementation Error'],"In HardenedTopupProxy.CardTopupTrusted(), the signature recovery uses constructMsg() which hashes msg.sender, but the message does not include critical parameters like _bridgeType or _bridgeTxData. This allows a signature generated for one bridge type to be reused for a different bridge type with different outcomes, violating the signature's intended scope.",llm
edf1b6dd23d6,Medium,Access Control,['Missing Initialization'],"In HardenedTopupProxy, the cardPartnerAddress, exchangeProxyContract, trustedRegistryContract, and cardTopupToken are not initialized in the initialize() function and remain at zero/null values until explicitly set by admin. If operations are called before these critical variables are set, transactions will fail or behave unexpectedly, but there is no check to prevent this.",llm
edf1b6dd23d6,Medium,DoS,['Stale Value'],"In HardenedTopupProxy.CardTopupMPTProof(), the allowanceSignatureTimespan is used to validate signature age, but if this parameter is set to 0 or very large value by admin error, it can be exploited. Additionally, old signatures could be replayed if the allowance is refilled with the same amount, as the check does not invalidate the specific approval transaction.",llm
edf1b6dd23d6,Medium,ERC20,['Missing Return Check'],"In ExchangeProxy.executeSwapDirect(), after calling executorAddress.call(callData), the return value success is checked, but the actual token balance is relied upon rather than verifying that the swap aggregator (0x/1inch) performed the intended operation. If a malicious or broken aggregator returns success without actually swapping tokens, the balance check may incorrectly reflect zero slippage.",llm
8b0abbf14c91,High,Logic error,['State Update Inconsistency'],"In BorrowerOperations._singleLeverUp(), the calculated slippageAdjustedValue is used to enforce a minimum output from the router swap, but the function then requires that the actual balance increase equals _finalTokenAmount exactly without accounting for potential fee-on-transfer or other token behaviors that reduce the actual amount received.",llm
8b0abbf14c91,High,Logic error,['Bad Condition'],"In BorrowerOperations._adjustTrove(), the variableYUSDFee is added to vars.debt before calculating the new ICR, but this fee is not included in the check _requireAtLeastMinNetDebt() which only checks the net debt after the repayment adjustment, potentially allowing the trove to fall below minimum net debt after fees are applied.",llm
8b0abbf14c91,Medium,Accounting Error,['State Update Inconsistency'],"In StabilityPool._getGainFromSnapshots(), the calculation uses epochToScaleToSum[asset][snapshots.epoch][snapshots.scale.add(1)] without verifying that snapshots.scale.add(1) represents a valid historical scale that actually has accumulated gains, potentially reading zero or stale data if the snapshot was taken at a scale boundary.",llm
8b0abbf14c91,Medium,Logic error,['Incorrect Parameter'],"In TroveManagerLiquidations._getCappedOffsetVals(), the SPRatio is calculated as a percentage using _100pct but then applied to _troveAmounts[i] via sequential divisions by _100pct, which can result in significant precision loss due to the order of operations and multiple divisions.",llm
8b0abbf14c91,Medium,Logic error,['Invalid Validation'],"In TroveManagerRedemptions.redeemCollateralSingle(), the function does not verify that _collToRedeem exists in the whitelist before attempting to redeem it, only checking if it exists in the specific trove, which could allow redemption of non-whitelisted tokens if they somehow exist in a trove.",llm
8b0abbf14c91,High,Liquidation,['State Update Inconsistency'],"In TroveManagerLiquidations._liquidateRecoveryMode(), when ICR > MCR, the function returns early with empty singleLiquidation values without properly initializing the struct, causing all subsequent liquidation logic to work with zeroed-out collateral and debt values in certain recovery mode scenarios.",llm
8b0abbf14c91,Medium,Logic error,['Bad Condition'],"In TroveManagerRedemptions._redeemCollateralFromTrove(), the calculation of tokenAmountToRedeem uses baseLot.mul(colls.amounts[i]).div(totalCollUSD).div(1e18), but baseLot is already multiplied by DECIMAL_PRECISION, making the final division by 1e18 incorrect and causing precision loss in the redemption amounts.",llm
8b0abbf14c91,Medium,Access Control,['Implementation Error'],"In TroveManagerRedemptions.redeemCollateralSingle(), the function is externally callable without the _requireCallerisTroveManager() check that is present in redeemCollateral(), allowing arbitrary external callers to directly call this redemption function and bypass normal protocol controls.",llm
8b0abbf14c91,High,Logic error,['Invariant Violation'],"In BorrowerOperations._adjustTrove(), the variableYUSDFee is calculated and added to debt, but when params._isDebtIncrease is false (debt repayment case), the fee is still added as an increase, potentially allowing debt to increase when the user intends to decrease it.",llm
8b0abbf14c91,Medium,Accounting Error,['Fee On Transfer Token'],"In StabilityPool._sendGainsToDepositor(), when transferring rewards from wrapped assets via IWAsset operations, the function assumes all amounts are successfully transferred without checking for fee-on-transfer tokens or validating the actual amount received, potentially causing accounting mismatches.",llm
